{
    "provider": "baseline_rules",
    "rows_evaluated": 16,
    "priority_accuracy": 0.6875,
    "priority_macro_f1": 0.6642857142857143,
    "priority_weighted_f1": 0.6898809523809524,
    "action_required_f1": 0.5882352941176471,
    "priority_classification_report": {
        "important": {
            "precision": 0.3333333333333333,
            "recall": 0.3333333333333333,
            "f1-score": 0.3333333333333333,
            "support": 3.0
        },
        "informational": {
            "precision": 1.0,
            "recall": 0.6666666666666666,
            "f1-score": 0.8,
            "support": 6.0
        },
        "routine": {
            "precision": 0.6,
            "recall": 0.75,
            "f1-score": 0.6666666666666666,
            "support": 4.0
        },
        "urgent": {
            "precision": 0.75,
            "recall": 1.0,
            "f1-score": 0.8571428571428571,
            "support": 3.0
        },
        "accuracy": 0.6875,
        "macro avg": {
            "precision": 0.6708333333333333,
            "recall": 0.6875,
            "f1-score": 0.6642857142857143,
            "support": 16.0
        },
        "weighted avg": {
            "precision": 0.728125,
            "recall": 0.6875,
            "f1-score": 0.6898809523809524,
            "support": 16.0
        }
    }
}