{
    "provider": "baseline_rules",
    "rows_evaluated": 60,
    "priority_accuracy": 0.43333333333333335,
    "priority_macro_f1": 0.4035774748284772,
    "priority_weighted_f1": 0.4035774748284772,
    "action_required_f1": 0.6842105263157895,
    "priority_classification_report": {
        "important": {
            "precision": 0.4666666666666667,
            "recall": 0.4666666666666667,
            "f1-score": 0.4666666666666667,
            "support": 15.0
        },
        "informational": {
            "precision": 0.6666666666666666,
            "recall": 0.13333333333333333,
            "f1-score": 0.2222222222222222,
            "support": 15.0
        },
        "routine": {
            "precision": 0.39285714285714285,
            "recall": 0.7333333333333333,
            "f1-score": 0.5116279069767442,
            "support": 15.0
        },
        "urgent": {
            "precision": 0.42857142857142855,
            "recall": 0.4,
            "f1-score": 0.41379310344827586,
            "support": 15.0
        },
        "accuracy": 0.43333333333333335,
        "macro avg": {
            "precision": 0.4886904761904762,
            "recall": 0.43333333333333335,
            "f1-score": 0.4035774748284772,
            "support": 60.0
        },
        "weighted avg": {
            "precision": 0.4886904761904762,
            "recall": 0.43333333333333335,
            "f1-score": 0.4035774748284772,
            "support": 60.0
        }
    }
}