{
    "provider": "logistic_regression",
    "rows_evaluated": 60,
    "priority_accuracy": 0.48333333333333334,
    "priority_macro_f1": 0.4668647703797871,
    "priority_weighted_f1": 0.4668647703797871,
    "action_required_f1": 0.7755102040816326,
    "priority_classification_report": {
        "important": {
            "precision": 0.5,
            "recall": 0.5333333333333333,
            "f1-score": 0.5161290322580645,
            "support": 15.0
        },
        "informational": {
            "precision": 0.5,
            "recall": 0.4666666666666667,
            "f1-score": 0.4827586206896552,
            "support": 15.0
        },
        "routine": {
            "precision": 0.3,
            "recall": 0.2,
            "f1-score": 0.24,
            "support": 15.0
        },
        "urgent": {
            "precision": 0.55,
            "recall": 0.7333333333333333,
            "f1-score": 0.6285714285714286,
            "support": 15.0
        },
        "accuracy": 0.48333333333333334,
        "macro avg": {
            "precision": 0.4625,
            "recall": 0.4833333333333333,
            "f1-score": 0.4668647703797871,
            "support": 60.0
        },
        "weighted avg": {
            "precision": 0.4625,
            "recall": 0.48333333333333334,
            "f1-score": 0.4668647703797871,
            "support": 60.0
        }
    }
}