provider,priority_accuracy,priority_macro_f1,priority_weighted_f1,action_required_f1
baseline_rules,0.6875,0.6642857142857143,0.6898809523809524,0.5882352941176471
naive_bayes,0.3125,0.11904761904761904,0.17857142857142855,0.7692307692307693
logistic_regression,0.3125,0.11904761904761904,0.17857142857142855,0.7692307692307693
