provider,priority_accuracy,priority_macro_f1,priority_weighted_f1,action_required_f1
baseline_rules,0.43333333333333335,0.4035774748284772,0.4035774748284772,0.6842105263157895
naive_bayes,0.55,0.5407092907092907,0.5407092907092907,0.7835051546391752
logistic_regression,0.48333333333333334,0.4668647703797871,0.4668647703797871,0.7755102040816326
