{
    "provider": "naive_bayes",
    "rows_evaluated": 60,
    "priority_accuracy": 0.55,
    "priority_macro_f1": 0.5407092907092907,
    "priority_weighted_f1": 0.5407092907092907,
    "action_required_f1": 0.7835051546391752,
    "priority_classification_report": {
        "important": {
            "precision": 0.5555555555555556,
            "recall": 0.6666666666666666,
            "f1-score": 0.6060606060606061,
            "support": 15.0
        },
        "informational": {
            "precision": 0.5454545454545454,
            "recall": 0.4,
            "f1-score": 0.46153846153846156,
            "support": 15.0
        },
        "routine": {
            "precision": 0.46153846153846156,
            "recall": 0.4,
            "f1-score": 0.42857142857142855,
            "support": 15.0
        },
        "urgent": {
            "precision": 0.6111111111111112,
            "recall": 0.7333333333333333,
            "f1-score": 0.6666666666666666,
            "support": 15.0
        },
        "accuracy": 0.55,
        "macro avg": {
            "precision": 0.5434149184149184,
            "recall": 0.55,
            "f1-score": 0.5407092907092907,
            "support": 60.0
        },
        "weighted avg": {
            "precision": 0.5434149184149184,
            "recall": 0.55,
            "f1-score": 0.5407092907092907,
            "support": 60.0
        }
    }
}