{
    "provider": "naive_bayes",
    "rows_evaluated": 16,
    "priority_accuracy": 0.3125,
    "priority_macro_f1": 0.11904761904761904,
    "priority_weighted_f1": 0.17857142857142855,
    "action_required_f1": 0.7692307692307693,
    "priority_classification_report": {
        "important": {
            "precision": 0.0,
            "recall": 0.0,
            "f1-score": 0.0,
            "support": 3.0
        },
        "informational": {
            "precision": 0.3333333333333333,
            "recall": 0.8333333333333334,
            "f1-score": 0.47619047619047616,
            "support": 6.0
        },
        "routine": {
            "precision": 0.0,
            "recall": 0.0,
            "f1-score": 0.0,
            "support": 4.0
        },
        "urgent": {
            "precision": 0.0,
            "recall": 0.0,
            "f1-score": 0.0,
            "support": 3.0
        },
        "accuracy": 0.3125,
        "macro avg": {
            "precision": 0.08333333333333333,
            "recall": 0.20833333333333334,
            "f1-score": 0.11904761904761904,
            "support": 16.0
        },
        "weighted avg": {
            "precision": 0.125,
            "recall": 0.3125,
            "f1-score": 0.17857142857142855,
            "support": 16.0
        }
    }
}